{"cameraMode":{"drawMode":0,"name":"Shaded","section":"Shading Mode"},"sceneLighting":false,"audioPlay":false,"sceneViewState":{"m_AlwaysRefresh":false,"showFog":true,"showSkybox":false,"showFlares":true,"showImageEffects":true,"showParticleSystems":true,"showVisualEffectGraphs":true,"m_FxEnabled":true},"in2DMode":false,"pivot":{"x":-0.0030961036682128908,"y":-0.04090024530887604,"z":0.0010721683502197266},"rotation":{"x":0.6517046093940735,"y":0.003646868048235774,"z":-0.003139129374176264,"w":0.758503794670105},"size":0.2867736518383026,"orthographic":false}