{"cameraMode":{"drawMode":0,"name":"Shaded","section":"Shading Mode"},"sceneLighting":true,"audioPlay":false,"sceneViewState":{"m_AlwaysRefresh":false,"showFog":true,"showSkybox":true,"showFlares":true,"showImageEffects":true,"showParticleSystems":true,"showVisualEffectGraphs":true,"m_FxEnabled":true},"in2DMode":false,"pivot":{"x":-2.1565353870391847,"y":1.5989913940429688,"z":-3.8784990310668947},"rotation":{"x":-0.33747154474258425,"y":-0.18542613089084626,"z":0.06770175695419312,"w":-0.9206163287162781},"size":0.35904461145401,"orthographic":false}